CREATE DATABASE Cab;
USE Cab;
CREATE TABLE Customer(
customer_id INT PRIMARY KEY,
name varchar(50),
phone varchar(15),
email varchar(50),
gender varchar(1),
city varchar(30)
);

CREATE TABLE Driver(
driver_id INT PRIMARY KEY,
name varchar(50),
phone varchar(15),
license_no varchar(20),
rating float,
vehicle_id int
);

CREATE TABLE Vehicle(
vehicle_id int primary key,
vehicle_type varchar(20),
vehicle_number varchar(20),
capacity int,
base_fare float
);

CREATE TABLE Booking(
    Booking_ID INT PRIMARY KEY AUTO_INCREMENT,
    Customer_ID INT,
    Driver_ID INT,
    Pickup_Location VARCHAR(100),
    Drop_Location VARCHAR(100),
    Distance_KM DECIMAL(5,2),
    Fare_Amount DECIMAL(8,2),
    Booking_Date DATE,
    Status VARCHAR(20),
    FOREIGN KEY (Customer_ID) REFERENCES Customer(Customer_ID),
    FOREIGN KEY (Driver_ID) REFERENCES Driver(Driver_ID)
);
INSERT INTO Customer (customer_id, name, phone, email, gender, city) VALUES
(1, 'Naveen Shetty', '9039748238', 'naveenshetty1@example.com', 'M', 'Pune'),
(2, 'Priya Patil', '9843516923', 'priyapatil2@example.com', 'F', 'Mumbai'),
(3, 'Amit Sharma', '9036742297', 'amitsharma3@example.com', 'M', 'Delhi'),
(4, 'Sonal Joshi', '9778654310', 'sonaljoshi4@example.com', 'F', 'Bangalore'),
(5, 'Karan Gupta', '9812345678', 'karangupta5@example.com', 'M', 'Chennai'),
(6, 'Anjali Khan', '9988776655', 'anjalikhan6@example.com', 'F', 'Kolkata'),
(7, 'Rohit Rao', '9123456789', 'rohitrao7@example.com', 'M', 'Nagpur'),
(8, 'Tina Nair', '9876501234', 'tinanair8@example.com', 'F', 'Nashik'),
(9, 'Saurabh Deshmukh', '8899776655', 'saurabhdeshmukh9@example.com', 'M', 'Hyderabad'),
(10, 'Neha Jain', '9012345678', 'nehajain10@example.com', 'F', 'Ahmedabad'),
(11, 'Manish Meena', '9123467890', 'manishmeena11@example.com', 'M', 'Surat'),
(12, 'Pooja Kale', '9980012345', 'poojakale12@example.com', 'F', 'Jaipur'),
(13, 'Vivek Pawar', '9023456781', 'vivekpawar13@example.com', 'M', 'Lucknow'),
(14, 'Kiran Gaikwad', '9801234567', 'kirangaikwad14@example.com', 'M', 'Patna'),
(15, 'Ramesh Malwadkar', '9078563412', 'rameshmalwadkar15@example.com', 'M', 'Bhopal'),
(16, 'Deepika Biyani', '9223344556', 'deepikabiyani16@example.com', 'F', 'Indore'),
(17, 'Bhanu Verma', '9011223344', 'bhanuverma17@example.com', 'M', 'Coimbatore'),
(18, 'Esha Tripathi', '9898989898', 'eshatripathi18@example.com', 'F', 'Vishakhapatnam'),
(19, 'Gaurav Kulkarni', '9765432109', 'gauravkulkarni19@example.com', 'M', 'Goa'),
(20, 'Harsha Saxena', '9445566778', 'harshasaxena20@example.com', 'M', 'Dehradun'),
(21, 'Ishita Shukla', '9019003456', 'ishitashukla21@example.com', 'F', 'Pune'),
(22, 'Jatin Sharma', '9120076543', 'jatinsharma22@example.com', 'M', 'Mumbai'),
(23, 'Kavita Rao', '9988001122', 'kavitarao23@example.com', 'F', 'Delhi'),
(24, 'Lalit Nair', '8101234567', 'lalitnair24@example.com', 'M', 'Bangalore'),
(25, 'Meera Gupta', '9223344001', 'meeragupta25@example.com', 'F', 'Chennai'),
(26, 'Nidhi Khan', '9012340098', 'nidhikhan26@example.com', 'F', 'Kolkata'),
(27, 'Omkar Patil', '9887766554', 'omkarpatil27@example.com', 'M', 'Nagpur'),
(28, 'Parul Joshi', '9090909090', 'paruljoshi28@example.com', 'F', 'Nashik'),
(29, 'Qadir Sharma', '8800123456', 'qadirsharma29@example.com', 'M', 'Hyderabad'),
(30, 'Ritu Deshmukh', '8877665544', 'ritudeshmukh30@example.com', 'F', 'Ahmedabad'),
(31, 'Sahil Jain', '9009988776', 'sahiljain31@example.com', 'M', 'Surat'),
(32, 'Tanya Meena', '9234567801', 'tanyameena32@example.com', 'F', 'Jaipur'),
(33, 'Umesh Kale', '9382716450', 'umeshkale33@example.com', 'M', 'Lucknow'),
(34, 'Varun Pawar', '9012347765', 'varunpawar34@example.com', 'M', 'Patna'),
(35, 'Wafa Malwadkar', '9001122334', 'wafamalwadkar35@example.com', 'F', 'Bhopal'),
(36, 'Yash Biyani', '9012233445', 'yashbiyani36@example.com', 'M', 'Indore'),
(37, 'Zoya Verma', '9890011223', 'zoyaverma37@example.com', 'F', 'Coimbatore'),
(38, 'Arjun Tripathi', '9770099886', 'arjuntripathi38@example.com', 'M', 'Vishakhapatnam'),
(39, 'Rahul Kulkarni', '9004455667', 'rahulkulkarni39@example.com', 'M', 'Goa'),
(40, 'Sonal Shukla', '9820011223', 'sonalshukla40@example.com', 'F', 'Dehradun'),
(41, 'Kunal Shetty', '9700123456', 'kunalshetty41@example.com', 'M', 'Pune'),
(42, 'Anurag Patil', '9876543210', 'anuragpatil42@example.com', 'M', 'Mumbai'),
(43, 'Ritesh Takawale', '9876543211', 'riteshtakawale43@example.com', 'M', 'Delhi'),
(44, 'Anil Kumar', '9876543212', 'anilkumar44@example.com', 'M', 'Bangalore'),
(45, 'Sneha Rao', '9876543213', 'sneharao45@example.com', 'F', 'Chennai'),
(46, 'Rahul Gupta', '9876543214', 'rahulgupta46@example.com', 'M', 'Kolkata'),
(47, 'Tina Das', '9876543215', 'tinadas47@example.com', 'F', 'Nagpur'),
(48, 'Vikas Yadav', '9876543216', 'vikasyadav48@example.com', 'M', 'Nashik'),
(49, 'Anjali Singh', '9876543217', 'anjalisingh49@example.com', 'F', 'Hyderabad'),
(50, 'Rohan Verma', '9876543218', 'rohanverma50@example.com', 'M', 'Ahmedabad'),
(51, 'Neha Joshi', '9876543219', 'nehajoshi51@example.com', 'F', 'Surat'),
(52, 'Omkar Toradmal', '9876543220', 'omkartoradmal52@example.com', 'M', 'Jaipur'),
(53, 'Abhishek Malwadkar', '9876543221', 'abhishekmalwadkar53@example.com', 'M', 'Lucknow'),
(54, 'Neha Chaudhary', '9067048303', 'nehachaudhary54@example.com', 'F', 'Patna'),
(55, 'Trayambak Dhumal', '9022971794', 'trayambakdhumal55@example.com', 'M', 'Bhopal'),
(56, 'Anjali Biyani', '9876543222', 'anjalibiyani56@example.com', 'F', 'Indore'),
(57, 'Saurabh Pagar', '9284162346', 'saurabhpagar57@example.com', 'M', 'Coimbatore'),
(58, 'Ajinkya Yadav', '7588912598', 'ajinkyayadav58@example.com', 'M', 'Vishakhapatnam'),
(59, 'Ritu Rao', '9020013344', 'riturao59@example.com', 'F', 'Goa'),
(60, 'Manish Sharma', '9015567788', 'manishsharma60@example.com', 'M', 'Dehradun'),
(61, 'Ramesh Deshmukh', '9886016419', 'rameshdeshmukh61@example.com', 'M', 'Pune'),
(62, 'Yash Yadav', '8331845357', 'yashyadav62@example.com', 'M', 'Mumbai'),
(63, 'Karan Joshi', '9885590262', 'karanjoshi63@example.com', 'M', 'Delhi'),
(64, 'Vikas Joshi', '9793323659', 'vikasjoshi64@example.com', 'M', 'Bangalore'),
(65, 'Rohit Dhumal', '9895774038', 'rohitdhumal65@example.com', 'M', 'Chennai'),
(66, 'Devika Malwadkar', '8142963546', 'devikamalwadkar66@example.com', 'F', 'Kolkata'),
(67, 'Sonal Jain', '9573452405', 'sonaljain67@example.com', 'F', 'Nagpur'),
(68, 'Kunal Patil', '8003003510', 'kunalpatil68@example.com', 'M', 'Nashik'),
(69, 'Amit Saxena', '9762542566', 'amitsaxena69@example.com', 'M', 'Hyderabad'),
(70, 'Pooja Verma', '8091662082', 'poojaverma70@example.com', 'F', 'Ahmedabad'),
(71, 'Mahesh Rao', '9302821691', 'maheshrao71@example.com', 'M', 'Surat'),
(72, 'Tanya Dhumal', '9456007154', 'tanyadhumal72@example.com', 'F', 'Jaipur'),
(73, 'Manish Biyani', '8265476048', 'manishbiyani73@example.com', 'M', 'Lucknow'),
(74, 'Kavita Sharma', '8076165700', 'kavitasharma74@example.com', 'F', 'Patna'),
(75, 'Pooja Das', '8388564319', 'poojadas75@example.com', 'F', 'Bhopal'),
(76, 'Ritu Das', '8225090925', 'ritudas76@example.com', 'F', 'Indore'),
(77, 'Arjun Verma', '9009981002', 'arjunverma77@example.com', 'M', 'Coimbatore'),
(78, 'Rohit Gupta', '9810045678', 'rohitgupta78@example.com', 'M', 'Vishakhapatnam'),
(79, 'Devika Rao', '9890071122', 'devikarao79@example.com', 'F', 'Goa'),
(80, 'Sonal Mehta', '9007766554', 'sonalmehta80@example.com', 'F', 'Dehradun'),
(81, 'Kunal Sharma', '9811223344', 'kunalsharma81@example.com', 'M', 'Pune'),
(82, 'Amit Patil', '9700987654', 'amitpatil82@example.com', 'M', 'Mumbai'),
(83, 'Pooja Khan', '9890112233', 'poojakhan83@example.com', 'F', 'Delhi'),
(84, 'Mahesh Joshi', '9223344551', 'maheshjoshi84@example.com', 'M', 'Bangalore'),
(85, 'Tanya Shah', '9003334445', 'tanyashah85@example.com', 'F', 'Chennai'),
(86, 'Manish Rao', '9882233445', 'manishrao86@example.com', 'M', 'Kolkata'),
(87, 'Kavita Gupta', '9004445556', 'kavitagupta87@example.com', 'F', 'Nagpur'),
(88, 'Pooja Patil', '9005556667', 'poojapatil88@example.com', 'F', 'Nashik'),
(89, 'Ritu Verma', '9006667778', 'rituverma89@example.com', 'F', 'Hyderabad'),
(90, 'Arjun Singh', '9007778889', 'arjunsingh90@example.com', 'M', 'Ahmedabad'),
(91, 'Rahul Patel', '9008889990', 'rahulpatel91@example.com', 'M', 'Surat'),
(92, 'Sonal Iyer', '9009990001', 'sonaliyer92@example.com', 'F', 'Jaipur'),
(93, 'Kunal Nair', '9010011223', 'kunalnair93@example.com', 'M', 'Lucknow'),
(94, 'Anjali Rao', '9020022334', 'anjalirao94@example.com', 'F', 'Patna'),
(95, 'Vikas Shah', '9030033445', 'vikasshah95@example.com', 'M', 'Bhopal'),
(96, 'Riya Das', '9040044556', 'riyadas96@example.com', 'F', 'Indore'),
(97, 'Sahil Kumar', '9050055667', 'sahilkumar97@example.com', 'M', 'Coimbatore'),
(98, 'Tina Bhosale', '9060066778', 'tinabhosale98@example.com', 'F', 'Vishakhapatnam'),
(99, 'Kavita Patel', '9070077889', 'kavitapatel99@example.com', 'F', 'Goa'),
(100, 'Devang Kulkarni', '9080088990', 'devangkulkarni100@example.com', 'M', 'Dehradun');
INSERT INTO Vehicle (vehicle_id, Vehicle_Type, Vehicle_Number, Capacity, Base_Fare) VALUES
(1, 'Sedan', 'MH38QK2731', 4, 12.5),
(2, 'SUV', 'DL59CW4512', 6, 15.0),
(3, 'Mini', 'KA86BZ4723', 4, 10.0),
(4, 'Hatchback', 'MH60TX3908', 4, 11.0),
(5, 'Auto', 'RJ51FY5148', 3, 8.0),
(6, 'Sedan', 'KA31RB3542', 4, 12.8),
(7, 'SUV', 'DL12WM6444', 6, 15.3),
(8, 'Mini', 'TN24KD8540', 4, 10.4),
(9, 'Hatchback', 'WB47LS3089', 4, 11.3),
(10, 'Auto', 'GJ05DM5690', 3, 8.3),
(11, 'Sedan', 'MH74AB8029', 4, 12.8),
(12, 'SUV', 'KL22EZ1451', 6, 15.3),
(13, 'Mini', 'MH11YU4386', 4, 10.6),
(14, 'Hatchback', 'TN07VH8872', 4, 11.1),
(15, 'Auto', 'RJ33QP2694', 3, 8.6),
(16, 'Sedan', 'DL19TW9226', 4, 13.0),
(17, 'SUV', 'KA44SP1092', 6, 15.8),
(18, 'Mini', 'MH17VO1376', 4, 10.8),
(19, 'Hatchback', 'WB23RI6051', 4, 11.6),
(20, 'Auto', 'GJ61NZ4827', 3, 8.9),
(21, 'Sedan', 'MH04CL7643', 4, 13.7),
(22, 'SUV', 'DL28FM9446', 6, 16.6),
(23, 'Mini', 'KA88GP2935', 4, 10.9),
(24, 'Hatchback', 'TN90QW3251', 4, 11.9),
(25, 'Auto', 'RJ04CM5119', 3, 9.3),
(26, 'Sedan', 'MH18ZX4089', 4, 13.8),
(27, 'SUV', 'DL06PL8273', 6, 16.9),
(28, 'Mini', 'KA19XC3021', 4, 11.3),
(29, 'Hatchback', 'TN42RV9603', 4, 12.1),
(30, 'Auto', 'WB82ZT7905', 3, 9.6),
(31, 'Sedan', 'MH90MB5208', 4, 13.9),
(32, 'SUV', 'DL34QN8579', 6, 17.2),
(33, 'Mini', 'KA39PD4021', 4, 11.6),
(34, 'Hatchback', 'TN18KL0854', 4, 12.4),
(35, 'Auto', 'RJ99JT1142', 3, 9.9),
(36, 'Sedan', 'MH27BV3569', 4, 14.1),
(37, 'SUV', 'DL41YN7758', 6, 17.6),
(38, 'Mini', 'KA07HS9412', 4, 11.9),
(39, 'Hatchback', 'TN58PR2234', 4, 12.7),
(40, 'Auto', 'WB05KC4921', 3, 10.2),
(41, 'Sedan', 'MH21TX1023', 4, 14.2),
(42, 'SUV', 'DL50GW6139', 6, 17.9),
(43, 'Mini', 'KA88DF5932', 4, 12.2),
(44, 'Hatchback', 'TN11SB6824', 4, 12.9),
(45, 'Auto', 'RJ20AB3345', 3, 10.5),
(46, 'Sedan', 'MH33QW2019', 4, 14.4),
(47, 'SUV', 'DL79LM4455', 6, 18.2),
(48, 'Mini', 'KA04YJ7612', 4, 12.5),
(49, 'Hatchback', 'TN65CZ3581', 4, 13.1),
(50, 'Auto', 'WB97PF8823', 3, 10.8),
(51, 'Sedan', 'MH70LV2401', 4, 14.6),
(52, 'SUV', 'DL88RT1623', 6, 18.5),
(53, 'Mini', 'KA23GX0938', 4, 12.8),
(54, 'Hatchback', 'TN33UE7484', 4, 13.4),
(55, 'Auto', 'RJ56VN0192', 3, 11.1),
(56, 'Sedan', 'MH12AB1234', 4, 13.1),
(57, 'SUV', 'MH5CA5555', 6, 15.3),
(58, 'Mini', 'MH03CD7890', 4, 10.6),
(59, 'Hatchback', 'WB09EF4567', 4, 11.6),
(60, 'Auto', 'MH26AK9021', 3, 9.6),
(61, 'Sedan', 'DL20GH2345', 4, 12.8),
(62, 'SUV', 'MH14JK9876', 6, 15.3),
(63, 'Mini', 'MH7LM2345', 4, 10.6),
(64, 'Hatchback', 'KA04MN5432', 4, 11.3),
(65, 'Auto', 'MH10OP1234', 3, 9.9),
(66, 'Sedan', 'KA21QR4567', 4, 13.0),
(67, 'SUV', 'DL8UV2345', 6, 15.3),
(68, 'Mini', 'MH05WX9876', 4, 10.6),
(69, 'Hatchback', 'MH11YZ6543', 4, 12.1),
(70, 'Auto', 'MH22AB7654', 3, 10.1),
(71, 'Sedan', 'MH15CD3456', 4, 13.4),
(72, 'SUV', 'MH9EF9870', 6, 15.6),
(73, 'Mini', 'GJ18D90876', 4, 11.1),
(74, 'Hatchback', 'KL11E66543', 4, 12.4),
(75, 'Auto', 'MH12P90876', 3, 9.9),
(76, 'Sedan', 'MH09L33445', 4, 13.4),
(77, 'SUV', 'UP32S77889', 6, 16.0),
(78, 'Mini', 'MH16M99887', 4, 11.4),
(79, 'Hatchback', 'DL12R55443', 4, 12.7),
(80, 'Auto', 'MH17F44556', 3, 10.2),
(81, 'Sedan', 'DL12D12345', 4, 13.8),
(82, 'SUV', 'TN10R54321', 6, 16.1),
(83, 'Mini', 'DL8C98765', 4, 11.1),
(84, 'Hatchback', 'MH14A11223', 4, 12.4),
(85, 'Auto', 'KA05M22334', 3, 10.0),
(86, 'Sedan', 'MH10Z99887', 4, 13.9),
(87, 'SUV', 'RJ20C77654', 6, 16.3),
(88, 'Mini', 'MH7LM2345', 4, 11.4),
(89, 'Hatchback', 'UP16B34567', 4, 12.7),
(90, 'Auto', 'GJ18D90876', 3, 10.5),
(91, 'Sedan', 'KL11E66543', 4, 14.2),
(92, 'SUV', 'MH12P90876', 6, 16.6),
(93, 'Mini', 'MH09L33445', 4, 11.9),
(94, 'Hatchback', 'UP32S77889', 4, 12.9),
(95, 'Auto', 'MH16M99887', 3, 10.2),
(96, 'Sedan', 'DL12R55443', 4, 14.3),
(97, 'SUV', 'MH17F44556', 6, 16.9),
(98, 'Mini', 'MH12D12345', 4, 12.2),
(99, 'Hatchback', 'TN10R54321', 4, 13.0),
(100, 'Auto', 'DL8C98765', 3, 10.5);

INSERT INTO Driver (driver_id, name, phone, license_no, rating, vehicle_id) VALUES
(1, 'Ravi Deshmukh', '9001234560', 'MH12D12345', 4.7, 1),
(2, 'Suresh Reddy', '9001234561', 'TN10R54321', 4.6, 2),
(3, 'Amit Sharma', '9001234562', 'DL8C98765', 4.8, 3),
(4, 'Kiran Patil', '9001234563', 'MH14A11223', 4.5, 4),
(5, 'Naveen Kumar', '9001234564', 'KA05M22334', 4.9, 5),
(6, 'Rohit Shetty', '9001234565', 'MH10Z99887', 4.3, 6),
(7, 'Santosh Meena', '9001234566', 'RJ20C77654', 4.4, 7),
(8, 'Akash Tiwari', '9001234567', 'UP16B34567', 4.2, 8),
(9, 'Vivek Jain', '9001234568', 'GJ18D90876', 4.5, 9),
(10, 'Ramesh Nair', '9001234569', 'KL11E66543', 4.6, 10),
(11, 'Manish Kale', '9001234570', 'MH12P90876', 4.7, 11),
(12, 'Sunil Gaikwad', '9001234571', 'MH09L33445', 4.8, 12),
(13, 'Deepak Singh', '9001234572', 'UP32S77889', 4.4, 13),
(14, 'Arun Joshi', '9001234573', 'MH16M99887', 4.5, 14),
(15, 'Ravi Gupta', '9001234574', 'DL12R55443', 4.3, 15),
(16, 'Mahesh Pawar', '9001234575', 'MH15H66778', 4.6, 16),
(17, 'Sameer Shaikh', '9001234576', 'MH17F44556', 4.9, 17),
(18, 'Aditya Sharma', '9001234577', 'DL19Z33456', 4.4, 18),
(19, 'Bharat Patil', '9001234578', 'KA20Y77890', 4.1, 19),
(20, 'Chetan Verma', '9001234579', 'TN21Q22334', 4.2, 20),
(21, 'Dinesh Kumar', '9001234580', 'GJ22M99887', 4.0, 21),
(22, 'Eshan Rao', '9001234581', 'MH23N11223', 4.6, 22),
(23, 'Farhan Ali', '9001234582', 'DL24P44556', 4.7, 23),
(24, 'Girish Singh', '9001234583', 'KA25R33445', 4.3, 24),
(25, 'Himanshu Sharma', '9001234584', 'TN26S22110', 4.1, 25),
(26, 'Irfan Khan', '9001234585', 'RJ27T44321', 4.5, 26),
(27, 'Javed Iqbal', '9001234586', 'MH28U99876', 4.2, 27),
(28, 'Kamal Nair', '9001234587', 'DL29V55667', 4.4, 28),
(29, 'Lokesh Meena', '9001234588', 'KA30W33445', 4.6, 29),
(30, 'Manoj Joshi', '9001234589', 'TN31X22344', 4.0, 30),
(31, 'Nikhil Gupta', '9001234590', 'GJ32Y99877', 4.4, 31),
(32, 'Om Prakash', '9001234591', 'MH33Z11223', 4.5, 32),
(33, 'Praveen Kumar', '9001234592', 'DL34A44556', 4.6, 33),
(34, 'Qasim Sheikh', '9001234593', 'KA35B33445', 4.1, 34),
(35, 'Rakesh Yadav', '9001234594', 'TN36C22110', 4.2, 35),
(36, 'Sanjay Verma', '9001234595', 'RJ37D44321', 4.0, 36),
(37, 'Tahir Ansari', '9001234596', 'MH38E99876', 4.3, 37),
(38, 'Uday Patel', '9001234597', 'DL39F55667', 4.4, 38),
(39, 'Vijay Rao', '9001234598', 'KA40G33445', 4.5, 39),
(40, 'Wasim Khan', '9001234599', 'TN41H22344', 4.2, 40),
(41, 'Xavier Dsouza', '9001234600', 'GJ42I99877', 4.6, 41),
(42, 'Yogesh Sharma', '9001234601', 'MH43J11223', 4.3, 42),
(43, 'Zuber Ali', '9001234602', 'DL44K44556', 4.5, 43),
(44, 'Aakash Desai', '9001234603', 'KA45L33445', 4.2, 44),
(45, 'Bhavesh Patel', '9001234604', 'TN46M22110', 4.1, 45),
(46, 'Chirag Mehta', '9001234605', 'RJ47N44321', 4.4, 46),
(47, 'Dilip Kumar', '9001234606', 'MH48O99876', 4.3, 47),
(48, 'Eklavya Sharma', '9001234607', 'DL49P55667', 4.6, 48),
(49, 'Firoz Khan', '9001234608', 'KA50Q33445', 4.0, 49),
(50, 'Gautam Singh', '9001234609', 'TN51R22344', 4.5, 50),
(51, 'Harshad Patil', '9001234610', 'GJ52S99877', 4.2, 51),
(52, 'Ishaan Rao', '9001234611', 'MH53T11223', 4.4, 52),
(53, 'Jitendra Kumar', '9001234612', 'DL54U44556', 4.3, 53),
(54, 'Kartik Mehra', '9001234613', 'KA55V33445', 4.6, 54),
(55, 'Loknath Das', '9001234614', 'TN56W22110', 4.1, 55),
(56, 'Madan Mohan', '9001234615', 'RJ57X44321', 4.7, 56),
(57, 'Naveen Shah', '9001234616', 'MH58Y99876', 4.6, 57),
(58, 'Omprakash Singh', '9001234617', 'DL59Z55667', 4.4, 58),
(59, 'Prashant Kulkarni', '9001234618', 'KA60A33445', 4.3, 59),
(60, 'Ranjit Verma', '9001234619', 'TN61B22344', 4.5, 60),
(61, 'Satish Yadav', '9001234620', 'GJ62C99877', 4.7, 61),
(62, 'Tushar Nair', '9001234621', 'MH63D11223', 4.8, 62),
(63, 'Ujjwal Jha', '9001234622', 'DL64E44556', 4.6, 63),
(64, 'Vimal Bhat', '9001234623', 'KA65F33445', 4.2, 64),
(65, 'Waseem Khan', '9001234624', 'TN66G22110', 4.1, 65),
(66, 'Xerxes Rodrigues', '9001234625', 'RJ67H44321', 4.6, 66),
(67, 'Yusuf Malik', '9001234626', 'MH68I99876', 4.5, 67),
(68, 'Zaid Khan', '9001234627', 'DL69J55667', 4.4, 68),
(69, 'Aman Vohra', '9001234628', 'KA70K33445', 4.2, 69),
(70, 'Bhuvan Aggarwal', '9001234629', 'TN71L22344', 4.3, 70),
(71, 'Chetan Bhardwaj', '9001234630', 'GJ72M99877', 4.5, 71),
(72, 'Deepak Mishra', '9001234631', 'MH73N11223', 4.6, 72),
(73, 'Evan Dsouza', '9001234632', 'DL74O44556', 4.4, 73),
(74, 'Farooq Sheikh', '9001234633', 'KA75P33445', 4.3, 74),
(75, 'Girish Patnaik', '9001234634', 'TN76Q22110', 4.1, 75),
(76, 'Harinder Singh', '9001234635', 'RJ77R44321', 4.5, 76),
(77, 'Irfan Shaikh', '9001234636', 'MH78S99876', 4.9, 77),
(78, 'Jamal Khan', '9001234637', 'DL79T55667', 4.7, 78),
(79, 'Kishore Pillai', '9001234638', 'KA80U33445', 4.4, 79),
(80, 'Laxman Prasad', '9001234639', 'TN81V22344', 4.6, 80),
(81, 'Manoj Tiwari', '9001234640', 'GJ82W99877', 4.3, 81),
(82, 'Nitin Reddy', '9001234641', 'MH83X11223', 4.6, 82),
(83, 'Ojas Deshpande', '9001234642', 'DL84Y44556', 4.2, 83),
(84, 'Pranav Shetty', '9001234643', 'KA85Z33445', 4.5, 84),
(85, 'Rajesh Khanna', '9001234644', 'TN86A22110', 4.1, 85),
(86, 'Sidharth Malhotra', '9001234645', 'RJ87B44321', 4.6, 86),
(87, 'Tapan Ghosh', '9001234646', 'MH88C99876', 4.4, 87),
(88, 'Umesh Chandra', '9001234647', 'DL89D55667', 4.3, 88),
(89, 'Vikram Bedi', '9001234648', 'KA90E33445', 4.5, 89),
(90, 'Waman Joshi', '9001234649', 'TN91F22344', 4.2, 90),
(91, 'Xyz Driver', '9001234650', 'GJ92G99877', 4.7, 91),
(92, 'Yadav Kumar', '9001234651', 'MH93H11223', 4.6, 92),
(93, 'Zeeshan Ali', '9001234652', 'DL94I44556', 4.4, 93),
(94, 'Aadil Khan', '9001234653', 'KA95J33445', 4.3, 94),
(95, 'Bipin Rawat', '9001234654', 'TN96K22110', 4.1, 95),
(96, 'Cyrus Mistry', '9001234655', 'RJ97L44321', 4.6, 96),
(97, 'Dhiraj Kulkarni', '9001234656', 'MH98M99876', 4.3, 97),
(98, 'Ehsan Ali', '9001234657', 'DL99N55667', 4.2, 98),
(99, 'Faisal Khan', '9001234658', 'KA01O33445', 4.4, 99),
(100, 'Gopal Sharma', '9001234659', 'TN02P22344', 4.5, 100);

INSERT INTO Booking (Customer_ID, Driver_ID, Pickup_Location, Drop_Location, Distance_KM, Fare_Amount, Booking_Date, Status) VALUES
(1, 5, 'Kothrud', 'Viman Nagar', 12.4, 150.00, '2025-01-02', 'Completed'),
(2, 7, 'Baner', 'Hinjewadi', 8.7, 110.00, '2025-01-03', 'Completed'),
(3, 10, 'Aundh', 'Koregaon Park', 14.3, 180.00, '2025-01-05', 'Cancelled'),
(4, 2, 'Camp', 'Swargate', 5.9, 80.00, '2025-01-06', 'Completed'),
(5, 9, 'Hadapsar', 'Kharadi', 16.2, 210.00, '2025-01-07', 'Completed'),
(6, 3, 'Viman Nagar', 'Kothrud', 13.8, 175.00, '2025-01-08', 'Completed'),
(7, 8, 'FC Road', 'Baner', 9.0, 115.00, '2025-01-10', 'Completed'),
(8, 12, 'Model Colony', 'Hinjewadi', 21.4, 260.00, '2025-01-11', 'Cancelled'),
(9, 14, 'Warje', 'Kalyani Nagar', 10.6, 130.00, '2025-01-12', 'Completed'),
(10, 15, 'Nigdi', 'Pimpri', 6.8, 95.00, '2025-01-13', 'Completed'),
(11, 1, 'Magarpatta', 'Shivajinagar', 9.7, 125.00, '2025-01-14', 'Completed'),
(12, 4, 'Kothrud', 'Camp', 10.3, 140.00, '2025-01-15', 'Completed'),
(13, 6, 'Hadapsar', 'Vishrantwadi', 13.1, 170.00, '2025-01-16', 'Completed'),
(14, 7, 'Baner', 'Hinjewadi', 8.4, 110.00, '2025-01-17', 'Ongoing'),
(15, 9, 'Viman Nagar', 'Kharadi', 6.9, 95.00, '2025-01-18', 'Completed'),
(16, 10, 'Pashan', 'Kothrud', 7.4, 105.00, '2025-01-19', 'Completed'),
(17, 11, 'Aundh', 'Baner', 3.8, 55.00, '2025-01-20', 'Completed'),
(18, 13, 'Camp', 'Pimpri', 17.2, 220.00, '2025-01-21', 'Completed'),
(19, 16, 'Swargate', 'Hadapsar', 7.1, 95.00, '2025-01-22', 'Cancelled'),
(20, 17, 'Kalyani Nagar', 'Viman Nagar', 4.5, 65.00, '2025-01-23', 'Completed'),
(21, 18, 'Shivajinagar', 'Deccan', 3.7, 50.00, '2025-01-25', 'Completed'),
(22, 19, 'Hinjewadi', 'Baner', 9.8, 120.00, '2025-01-26', 'Completed'),
(23, 20, 'Pimpri', 'Nigdi', 5.3, 75.00, '2025-01-27', 'Completed'),
(24, 21, 'Karve Nagar', 'Aundh', 8.6, 110.00, '2025-01-28', 'Completed'),
(25, 22, 'Warje', 'Sinhagad Road', 7.9, 100.00, '2025-01-29', 'Completed'),
(26, 23, 'Vishrantwadi', 'Koregaon Park', 12.8, 165.00, '2025-02-01', 'Completed'),
(27, 24, 'Pashan', 'FC Road', 5.7, 80.00, '2025-02-02', 'Cancelled'),
(28, 25, 'Baner', 'Balewadi', 4.8, 70.00, '2025-02-03', 'Completed'),
(29, 26, 'Hinjewadi', 'Kothrud', 18.4, 240.00, '2025-02-04', 'Completed'),
(30, 27, 'Camp', 'Swargate', 5.5, 75.00, '2025-02-05', 'Completed'),
(31, 28, 'Kalyani Nagar', 'Viman Nagar', 3.9, 55.00, '2025-02-06', 'Completed'),
(32, 29, 'Aundh', 'Baner', 4.1, 60.00, '2025-02-07', 'Completed'),
(33, 30, 'Warje', 'Kothrud', 6.5, 85.00, '2025-02-08', 'Completed'),
(34, 31, 'Viman Nagar', 'Kharadi', 8.6, 115.00, '2025-02-09', 'Completed'),
(35, 32, 'Pimpri', 'Nigdi', 4.7, 70.00, '2025-02-10', 'Completed'),
(36, 33, 'Baner', 'Aundh', 4.4, 65.00, '2025-02-11', 'Completed'),
(37, 34, 'Camp', 'Shivajinagar', 8.8, 115.00, '2025-02-12', 'Cancelled'),
(38, 35, 'Hinjewadi', 'Kothrud', 17.3, 225.00, '2025-02-13', 'Completed'),
(39, 36, 'Vishrantwadi', 'Pimpri', 13.2, 175.00, '2025-02-14', 'Completed'),
(40, 37, 'Kalyani Nagar', 'Magarpatta', 11.7, 155.00, '2025-02-15', 'Completed'),
(41, 38, 'Swargate', 'Kothrud', 6.8, 90.00, '2025-02-16', 'Completed'),
(42, 39, 'Warje', 'Aundh', 9.2, 120.00, '2025-02-17', 'Completed'),
(43, 40, 'Baner', 'Hinjewadi', 9.0, 110.00, '2025-02-18', 'Completed'),
(44, 41, 'Karve Nagar', 'Deccan', 5.6, 80.00, '2025-02-19', 'Completed'),
(45, 42, 'Viman Nagar', 'Kalyani Nagar', 4.1, 60.00, '2025-02-20', 'Completed'),
(46, 43, 'Aundh', 'Baner', 4.5, 65.00, '2025-02-21', 'Completed'),
(47, 44, 'Warje', 'Sinhagad Road', 7.4, 100.00, '2025-02-22', 'Cancelled'),
(48, 45, 'Pimpri', 'Nigdi', 6.1, 85.00, '2025-02-23', 'Completed'),
(49, 46, 'Camp', 'Kothrud', 9.3, 125.00, '2025-02-24', 'Completed'),
(50, 47, 'Hinjewadi', 'Baner', 8.9, 115.00, '2025-02-25', 'Completed'),
(51, 48, 'Koregaon Park', 'Viman Nagar', 4.8, 65.00, '2025-02-26', 'Completed'),
(52, 49, 'Aundh', 'Pashan', 3.7, 50.00, '2025-02-27', 'Completed'),
(53, 50, 'Baner', 'Balewadi', 4.6, 60.00, '2025-02-28', 'Completed'),
(54, 51, 'Kothrud', 'Warje', 6.3, 85.00, '2025-03-01', 'Completed'),
(55, 52, 'Magarpatta', 'Hadapsar', 5.4, 70.00, '2025-03-02', 'Completed'),
(56, 53, 'Shivajinagar', 'Deccan', 4.1, 60.00, '2025-03-03', 'Ongoing'),
(57, 54, 'Aundh', 'Baner', 3.9, 55.00, '2025-03-04', 'Completed'),
(58, 55, 'Pashan', 'Kothrud', 7.8, 105.00, '2025-03-05', 'Completed'),
(59, 56, 'Warje', 'Kalyani Nagar', 13.2, 170.00, '2025-03-06', 'Completed'),
(60, 57, 'Hinjewadi', 'Koregaon Park', 19.5, 245.00, '2025-03-07', 'Completed'),
(61, 58, 'Baner', 'Viman Nagar', 16.4, 210.00, '2025-03-08', 'Completed'),
(62, 59, 'Aundh', 'Camp', 11.2, 145.00, '2025-03-09', 'Completed'),
(63, 60, 'Karve Nagar', 'Swargate', 7.9, 100.00, '2025-03-10', 'Completed'),
(64, 61, 'Nigdi', 'Pimpri', 5.6, 75.00, '2025-03-11', 'Completed'),
(65, 62, 'Vishrantwadi', 'Kothrud', 14.8, 190.00, '2025-03-12', 'Cancelled'),
(66, 63, 'Kharadi', 'Hadapsar', 7.7, 100.00, '2025-03-13', 'Completed'),
(67, 64, 'FC Road', 'Deccan', 2.9, 45.00, '2025-03-14', 'Completed'),
(68, 65, 'Warje', 'Sinhagad Road', 6.1, 80.00, '2025-03-15', 'Completed'),
(69, 66, 'Baner', 'Hinjewadi', 9.3, 115.00, '2025-03-16', 'Completed'),
(70, 67, 'Viman Nagar', 'Koregaon Park', 4.2, 60.00, '2025-03-17', 'Completed'),
(71, 68, 'Aundh', 'Baner', 3.9, 55.00, '2025-03-18', 'Completed'),
(72, 69, 'Camp', 'Swargate', 5.3, 75.00, '2025-03-19', 'Completed'),
(73, 70, 'Pashan', 'Kothrud', 7.5, 100.00, '2025-03-20', 'Completed'),
(74, 71, 'Warje', 'Aundh', 8.8, 120.00, '2025-03-21', 'Completed'),
(75, 72, 'Magarpatta', 'Hadapsar', 5.2, 70.00, '2025-03-22', 'Cancelled'),
(76, 73, 'Baner', 'Balewadi', 4.9, 65.00, '2025-03-23', 'Completed'),
(77, 74, 'Hinjewadi', 'Viman Nagar', 17.5, 230.00, '2025-03-24', 'Completed'),
(78, 75, 'Kothrud', 'Camp', 10.4, 135.00, '2025-03-25', 'Completed'),
(79, 76, 'Shivajinagar', 'Deccan', 3.8, 55.00, '2025-03-26', 'Completed'),
(80, 77, 'Aundh', 'Baner', 4.3, 60.00, '2025-03-27', 'Completed'),
(81, 78, 'Warje', 'Sinhagad Road', 6.9, 95.00, '2025-03-28', 'Completed'),
(82, 79, 'Pimpri', 'Nigdi', 5.8, 80.00, '2025-03-29', 'Completed'),
(83, 80, 'Camp', 'Swargate', 4.8, 70.00, '2025-03-30', 'Completed'),
(84, 81, 'Baner', 'Hinjewadi', 8.6, 115.00, '2025-03-31', 'Completed'),
(85, 82, 'Aundh', 'Kothrud', 10.7, 145.00, '2025-04-01', 'Completed'),
(86, 83, 'Kalyani Nagar', 'Viman Nagar', 3.9, 55.00, '2025-04-02', 'Completed'),
(87, 84, 'Warje', 'Sinhagad Road', 6.5, 85.00, '2025-04-03', 'Completed'),
(88, 85, 'Pashan', 'Baner', 3.7, 50.00, '2025-04-04', 'Completed'),
(89, 86, 'Hinjewadi', 'Balewadi', 5.4, 75.00, '2025-04-05', 'Completed'),
(90, 87, 'Camp', 'Kothrud', 9.8, 130.00, '2025-04-06', 'Completed'),
(91, 88, 'Magarpatta', 'Hadapsar', 5.9, 80.00, '2025-04-07', 'Completed'),
(92, 89, 'Aundh', 'Baner', 4.4, 60.00, '2025-04-08', 'Completed'),
(93, 90, 'Baner', 'Hinjewadi', 8.2, 110.00, '2025-04-09', 'Completed'),
(94, 91, 'Viman Nagar', 'Koregaon Park', 4.1, 55.00, '2025-04-10', 'Ongoing'),
(95, 92, 'Warje', 'Sinhagad Road', 6.3, 85.00, '2025-04-11', 'Completed'),
(96, 93, 'Pimpri', 'Nigdi', 5.7, 80.00, '2025-04-12', 'Completed'),
(97, 94, 'Kothrud', 'Viman Nagar', 12.1, 160.00, '2025-04-13', 'Completed'),
(98, 95, 'Camp', 'Shivajinagar', 8.4, 110.00, '2025-04-14', 'Completed'),
(99, 96, 'Baner', 'Balewadi', 4.3, 60.00, '2025-04-15', 'Completed'),
(100, 97, 'Hinjewadi', 'Aundh', 9.9, 125.00, '2025-04-16', 'Completed');


Select * FROM Booking;
SELECT * FROM Customer;
SELECT * FROM Driver;
SELECT * FROM Vehicle;
#DROP TABLE Payment;
SELECT * FROM Vehicle WHERE Vehicle_Type='SUV';

#Aggregate functions
SELECT AVG(fare_amount) FROM Booking;
SELECT SUM(fare_amount) FROM Booking;
SELECT COUNT(*) FROM Vehicle where Vehicle_Type='SUV';

#LIKE Operator
SELECT * FROM Customer where name LIKE 'A%';
SELECT * FROM Driver where name LIKE 'M%';
SELECT * FROM Customer where name LIKE '%A_';
SELECT * FROM Customer where name LIKE '%A';  

#JOIN operations
Select Customer.name, Driver.name 
FROM Customer, Driver where customer_id = driver_id;

SELECT Customer.name, Driver.name 
FROM Customer INNER JOIN Driver on customer_id = driver_id;

SELECT Customer.name, Driver.name 
FROM Customer RIGHT JOIN Driver on customer_id = driver_id; 

#Show all booking with customers and driver details
SELECT b.booking_id, c.name AS customer_name, d.name AS driver_name, b.pickup_location, b.drop_location, b.fare_amount, b.status
FROM Booking b
JOIN Customer c ON b.customer_id = c.customer_id
JOIN Driver d ON b.driver_id = d.driver_id;

#Total fare earned per driver
SELECT d.name AS driver_name, SUM(b.fare_amount) AS total_earnings
FROM Booking b
JOIN Driver d ON b.driver_id = d.driver_id
WHERE b.status = 'Completed'
GROUP BY d.name
ORDER BY total_earnings DESC;

#Drop Operations
DROP TABLE Booking;
DROP TABLE Customer;
DROP TABLE DRIVER;
DROP TABLE VEHICLE;